sep=,
id,year,region,no_disasters,no_killed,no_injured,no_affected,no_homeless,total_affected,total_dam
1901:0002,1901,Eastern Africa,1,0,0,0,0,0,0
1901:0004,1901,Eastern Asia,1,18,0,0,0,0,0
1902:0002,1902,Central America,2,2185,0,0,0,0,0
1902:0011,1902,Russian Federation,1,4562,0,0,0,0,0
1903:0007,1903,Western Asia,1,6000,0,0,0,0,0
1904:0005,1904,South America,1,0,0,0,0,0,0
1905:0007,1905,Eastern Asia,1,41,0,0,0,0,0
1905:0003,1905,Southern Asia,1,20000,0,0,0,0,0
1905:0001,1905,Southern Europe,1,2500,0,0,0,0,0
1906:0009,1906,Central America,2,1000,0,0,0,0,0
1906:0016,1906,Eastern Africa,1,0,0,0,0,0,6750
1906:0001,1906,Eastern Asia,3,8566,0,0,0,0,0
1906:0013,1906,Northern America,1,2000,0,0,0,0,524000
1906:0002,1906,South America,3,20400,0,0,0,0,100000
1907:0004,1907,Caribbean,1,1200,0,90000,0,90000,30000
1907:0006,1907,Eastern Asia,1,12000,0,0,0,0,0
1907:0007,1907,Russian Federation,1,12000,0,0,0,0,0
1907:0005,1907,South-Eastern Asia,1,400,0,0,0,0,0
1908:0012,1908,Eastern Africa,1,0,0,0,0,0,0
1908:0006,1908,Eastern Europe,1,0,0,0,0,0,0
1908:0007,1908,Southern Europe,1,75000,0,150000,0,150000,116000
1909:0014,1909,Northern Africa,1,100,0,0,0,0,0
1909:0007,1909,Southern Asia,1,5000,0,0,0,0,0
1909:0009,1909,Western Europe,1,46,0,0,0,0,0
1910:0004,1910,Central America,1,1750,0,0,0,0,0
1910:0018,1910,Eastern Africa,1,0,0,0,0,0,0
1910:0005,1910,Northern Africa,1,12,0,0,0,0,0
1912:0004,1912,Eastern Europe,1,0,0,0,0,0,0
1912:0006,1912,Western Asia,1,923,1575,0,0,1575,0
1913:0025,1913,Eastern Africa,2,0,0,0,0,0,0
1913:0008,1913,Eastern Europe,1,0,0,0,0,0,0
1913:0009,1913,South America,1,150,0,0,0,0,0
1914:0024,1914,Eastern Africa,1,0,0,0,0,0,0
1914:0025,1914,Eastern Asia,2,129,0,0,0,0,0
1914:0022,1914,South-Eastern Asia,1,20,20,0,0,20,0
1915:0009,1915,Central America,1,0,0,0,0,0,0
1915:0004,1915,Northern America,1,6,0,0,0,0,1000
1915:0002,1915,Southern Europe,1,29980,0,0,0,0,60000
1916:0001,1916,Eastern Europe,1,0,0,0,0,0,0
1917:0009,1917,Central America,1,2650,0,0,0,0,0
1917:0014,1917,Eastern Asia,1,1800,0,0,0,0,0
1917:0003,1917,South-Eastern Asia,1,15000,0,0,0,0,0
1918:0004,1918,Caribbean,1,116,0,0,0,0,0
1918:0020,1918,Eastern Asia,1,10000,0,0,0,0,0
1918:0023,1918,Eastern Europe,1,47,0,0,0,0,0
1918:0008,1918,Northern America,1,116,0,0,0,0,29000
1918:0011,1918,South-Eastern Asia,1,100,0,0,0,0,0
1920:0007,1920,Eastern Asia,1,180000,0,0,0,0,0
1920:0013,1920,Southern Africa,1,0,0,0,0,0,0
1920:0014,1920,Southern Europe,1,0,650,0,0,650,0
1921:0006,1921,Eastern Africa,1,0,0,0,0,0,0
1922:0001,1922,South America,2,1100,0,0,0,0,0
1923:0006,1923,Eastern Asia,4,152344,103733,100000,0,203733,600000
1923:0024,1923,Russian Federation,1,18,0,0,0,0,0
1924:0005,1924,South America,1,40,0,0,0,0,0
1924:0007,1924,South-Eastern Asia,1,727,0,0,11250,11250,0
1925:0002,1925,Eastern Asia,1,5000,0,0,0,0,0
1925:0005,1925,Northern America,1,13,0,0,0,0,8000
1926:0014,1926,Northern Africa,1,12,0,0,0,0,0
1927:0016,1927,Eastern Africa,1,0,0,0,0,0,0
1927:0003,1927,Eastern Asia,3,205850,0,0,0,0,80000
1927:0014,1927,South-Eastern Asia,1,50,50,0,0,50,0
1927:0007,1927,Western Asia,1,242,0,0,0,0,0
1928:0006,1928,Eastern Europe,2,107,0,0,0,0,0
1928:0024,1928,Northern America,1,27,0,0,0,0,0
1928:0003,1928,South America,1,220,0,0,0,0,0
1928:0012,1928,South-Eastern Asia,1,128,0,0,0,0,0
1928:0001,1928,Southern Europe,1,103,0,0,0,0,0
1928:0005,1928,Western Asia,1,50,209,0,0,209,0
1929:0013,1929,Australia and New Zealand,1,17,0,0,0,0,0
1929:0012,1929,Southern Asia,1,3300,1121,0,0,1121,0
1930:0012,1930,Eastern Asia,1,0,0,0,0,0,0
1930:0001,1930,Melanesia,1,11,0,0,0,0,0
1930:0022,1930,Russian Federation,1,151,208,0,0,208,0
1930:0006,1930,South-Eastern Asia,2,536,0,0,0,0,0
1930:0025,1930,Southern Asia,1,2500,0,0,0,0,0
1930:0008,1930,Southern Europe,1,1883,0,10000,0,10000,0
1931:0004,1931,Australia and New Zealand,1,256,0,11000,0,11000,25000
1931:0001,1931,Central America,1,1000,0,0,0,0,15000
1931:0011,1931,Melanesia,1,50,0,0,0,0,0
1931:0016,1931,Russian Federation,1,231,882,0,0,882,0
1932:0007,1932,Eastern Asia,1,70000,0,0,0,0,0
1932:0009,1932,South-Eastern Asia,1,6,115,0,2960,3075,0
1933:0001,1933,Eastern Asia,3,16064,0,0,0,0,25000
1933:0007,1933,Northern America,1,116,0,0,0,0,38500
1934:0006,1934,Eastern Europe,1,0,0,0,0,0,0
1934:0019,1934,Russian Federation,1,456,1189,0,0,1189,0
1934:0001,1934,Southern Asia,2,15040,0,0,0,0,0
1935:0003,1935,Eastern Asia,2,6110,0,0,0,0,0
1935:0005,1935,Southern Asia,1,60000,0,0,0,0,0
1936:0011,1936,South-Eastern Asia,2,26,20,0,0,20,0
1938:0009,1938,South-Eastern Asia,1,17,0,0,4710,4710,0
1938:0002,1938,Western Asia,1,149,800,0,0,800,0
1939:0025,1939,Melanesia,1,12,0,0,0,0,0
1939:0001,1939,South America,1,30000,58500,0,0,58500,920000
1939:0005,1939,Western Africa,1,17,0,0,0,0,0
1939:0008,1939,Western Asia,3,33065,68,0,0,68,20000
1940:0001,1940,Eastern Europe,1,980,0,0,0,0,10000
1940:0008,1940,Northern America,1,9,0,0,0,0,33000
1940:0009,1940,South America,1,249,0,0,0,0,0
1940:0007,1940,Western Asia,1,37,0,0,0,0,0
1941:0001,1941,Central America,1,174,0,0,0,0,0
1941:0016,1941,South-Eastern Asia,1,15,0,0,0,0,0
1942:0021,1942,Eastern Asia,1,30,0,0,0,0,0
1942:0001,1942,South America,2,205,16,0,0,16,28000
1942:0011,1942,Western Asia,2,7000,0,0,0,0,0
1943:0027,1943,Eastern Asia,1,1083,0,0,0,0,0
1943:0007,1943,South America,2,212,35,0,0,35,100000
1943:0024,1943,South-Eastern Asia,1,213,2096,14000,0,16096,0
1943:0014,1943,Western Asia,1,2824,5000,0,0,5000,0
1944:0026,1944,Eastern Asia,1,998,0,0,0,0,0
1944:0002,1944,South America,1,10000,35000,120000,0,155000,0
1944:0003,1944,Western Asia,2,3986,0,0,0,0,0
1945:0015,1945,Eastern Asia,1,1961,0,0,0,0,0
1945:0003,1945,Eastern Europe,2,0,0,0,0,0,0
1945:0007,1945,Southern Asia,1,4000,0,0,0,0,0
1946:0021,1946,Caribbean,1,73,0,0,0,0,0
1946:0015,1946,Eastern Asia,1,2000,0,0,0,0,0
1946:0001,1946,Northern Africa,1,276,0,0,0,0,0
1946:0010,1946,Northern America,1,165,0,0,0,0,25000
1946:0013,1946,South America,2,1400,0,0,0,0,0
1946:0023,1946,Southern Asia,1,400,0,0,0,0,0
1946:0012,1946,Western Asia,1,839,0,0,0,0,0
1947:0013,1947,South America,1,233,0,0,0,0,0
1947:0001,1947,Southern Asia,1,400,0,0,0,0,0
1948:0005,1948,Eastern Asia,1,5131,0,0,0,0,1000000
1948:0011,1948,Russian Federation,1,110000,0,0,0,0,25000
1948:0014,1948,South-Eastern Asia,1,27,0,0,0,0,0
1948:0001,1948,Southern Asia,1,200,6000,0,0,6000,0
1948:0028,1948,Western Asia,1,260,0,0,0,0,0
1949:0006,1949,Northern America,1,8,0,0,0,0,80000
1949:0005,1949,South America,4,6041,173,105000,0,105173,64200
1949:0019,1949,Western Asia,1,437,355,0,0,355,0
1950:0005,1950,South America,3,333,200,0,40000,40200,0
1950:0008,1950,Southern Asia,1,1500,0,0,0,0,0
1951:0012,1951,Central America,2,1500,0,0,0,0,23000
1951:0015,1951,Western Asia,1,54,150,0,0,150,0
1952:0010,1952,Caribbean,1,6,0,0,0,0,20000
1952:0022,1952,Eastern Asia,1,30,200,0,0,200,0
1952:0004,1952,Northern America,3,16,0,0,0,0,80900
1952:0036,1952,Russian Federation,1,2300,0,0,0,0,0
1952:0009,1952,Western Asia,2,80,250,0,0,250,0
1953:0012,1953,South America,3,22,55,0,0,55,507310
1953:0009,1953,Southern Asia,1,1000,0,0,0,0,0
1953:0001,1953,Southern Europe,1,455,0,0,0,0,100000
1953:0010,1953,Western Asia,2,1240,100,50000,0,50100,0
1954:0002,1954,Eastern Asia,1,50,300,0,0,300,0
1954:0017,1954,Northern Africa,1,1250,0,0,129250,129250,6000
1954:0031,1954,South-Eastern Asia,1,13,101,0,0,101,0
1954:0009,1954,Southern Asia,1,2000,0,0,0,0,0
1954:0044,1954,Southern Europe,1,31,200,0,0,200,0
1955:0038,1955,Eastern Asia,1,39,113,0,0,113,0
1955:0020,1955,Northern Africa,1,20,28,0,0,28,0
1955:0002,1955,South-Eastern Asia,2,900,2000,0,0,2000,0
1956:0002,1956,Southern Asia,3,563,2219,0,0,2219,25000
1956:0056,1956,Southern Europe,1,11,70,0,0,70,0
1956:0005,1956,Western Asia,1,136,200,0,0,200,0
1957:0009,1957,Central America,1,160,29,0,0,29,25000
1957:0012,1957,Eastern Asia,1,1200,0,0,0,0,0
1957:0015,1957,Northern Africa,1,13,0,0,0,0,0
1957:0008,1957,Southern Asia,3,5544,5000,10000,0,15000,0
1957:0004,1957,Western Asia,2,76,219,0,0,219,0
1958:0006,1958,South America,2,28,35,0,0,35,10100
1958:0024,1958,South-Eastern Asia,1,8,0,0,0,0,0
1958:0001,1958,Southern Asia,1,191,984,0,0,984,0
1959:0044,1959,Central America,1,28,0,0,0,0,0
1959:0045,1959,Eastern Asia,1,47,0,0,0,0,0
1959:0010,1959,Northern America,1,28,0,0,0,0,26000
1960:0016,1960,Eastern Asia,1,138,0,0,0,0,140000
1960:0010,1960,Northern Africa,2,12057,25000,0,1250,26250,120000
1960:0018,1960,Northern America,1,61,0,0,0,0,0
1960:0003,1960,South America,3,6627,3000,2000000,0,2003000,550000
1960:0015,1960,South-Eastern Asia,1,32,0,0,0,0,0
1960:0002,1960,Southern Asia,1,480,0,0,0,0,0
1961:0016,1961,Eastern Africa,1,0,0,0,0,0,0
1961:0047,1961,Southern Asia,1,60,0,0,0,0,0
1962:0030,1962,South America,1,112,0,0,0,0,0
1962:0006,1962,Southern Asia,1,12000,3000,100000,0,103000,30000
1962:0001,1962,Western Asia,1,97,267,0,0,267,0
1963:0001,1963,Northern Africa,1,320,0,0,0,0,5000
1963:0010,1963,South America,1,280,460,0,0,460,235000
1963:0016,1963,Southern Europe,1,1100,3383,0,0,3383,600000
1964:0032,1964,Central America,1,45,0,4000,0,4000,3000
1964:0027,1964,Eastern Africa,1,4,0,500,0,500,0
1964:0014,1964,Eastern Asia,2,132,2861,72000,23000,97861,800000
1964:0021,1964,Northern America,1,131,0,0,0,0,1020000
1964:0016,1964,Southern Europe,1,0,0,1000,0,1000,0
1964:0059,1964,Western Asia,1,23,100,13000,0,13100,5000
1965:0025,1965,Central America,1,125,1138,90582,48000,139720,35000
1965:0002,1965,Northern Africa,1,2,350,37000,12000,49350,2000
1965:0024,1965,Northern America,1,7,0,0,0,0,28000
1965:0016,1965,South America,1,400,350,20000,0,20350,125000
1965:0093,1965,South-Eastern Asia,2,111,0,0,0,0,0
1965:0015,1965,Southern Europe,1,38,253,30000,0,30253,8000
1966:0039,1966,Eastern Africa,1,104,510,5000,0,5510,1500
1966:0034,1966,Eastern Asia,1,0,0,0,0,0,0
1966:0040,1966,Middle Africa,1,24,600,3000,0,3600,200
1966:0042,1966,Russian Federation,1,10,0,100000,0,100000,300000
1966:0082,1966,South America,2,124,1506,60600,49256,111362,15400
1966:0051,1966,Southern Asia,1,80,100,20000,0,20100,1000
1966:0026,1966,Southern Europe,2,2,173,26000,0,26173,18000
1966:0058,1966,Western Asia,2,2408,1500,108000,0,109500,20000
1967:0020,1967,South America,2,301,1736,120000,0,121736,50600
1967:0101,1967,South-Eastern Asia,3,325,221,0,8290,8511,0
1967:0077,1967,Southern Asia,1,177,2272,50000,0,52272,400
1967:0032,1967,Southern Europe,3,27,260,32927,5400,38587,25000
1967:0047,1967,Western Asia,1,183,360,238713,87000,326073,3000
1968:0077,1968,Australia and New Zealand,2,3,30,4174,400,4604,5269
1968:0018,1968,Central America,2,15,500,2000,0,2500,2000
1968:0050,1968,Eastern Asia,1,47,281,2500,0,2781,131000
1968:0052,1968,South America,1,11,120,300,0,420,100
1968:0061,1968,South-Eastern Asia,2,471,261,0,0,261,5000
1968:0042,1968,Southern Asia,2,10038,4150,80000,0,84150,36000
1968:0023,1968,Southern Europe,3,244,611,74000,3600,78211,289200
1968:0071,1968,Western Asia,1,29,0,0,0,0,0
1969:0061,1969,Eastern Africa,1,24,165,0,420,585,320
1969:0082,1969,Eastern Asia,1,3000,0,0,0,0,0
1969:0098,1969,South America,1,150,216,3000,0,3216,5000
1969:0052,1969,South-Eastern Asia,1,64,97,0,0,97,0
1969:0097,1969,Southern Africa,1,9,0,1000,0,1000,0
1969:0046,1969,Southern Asia,1,50,300,48000,0,48300,0
1969:0107,1969,Southern Europe,1,15,1116,200000,85000,286116,50000
1969:0059,1969,Western Asia,1,41,350,0,0,350,0
1970:0010,1970,Eastern Asia,1,10000,0,0,0,0,0
1970:0060,1970,Melanesia,1,15,0,0,0,0,1750
1970:0032,1970,South America,5,67282,143709,3150909,27992,3322610,536400
1970:0004,1970,South-Eastern Asia,1,14,200,0,0,200,0
1970:0038,1970,Southern Asia,2,202,0,10000,0,10000,8000
1970:0019,1970,Western Asia,1,1086,2776,80672,0,83448,55600
1971:0016,1971,Northern America,1,65,1000,0,0,1000,535000
1971:0042,1971,South America,1,85,451,2348522,0,2348973,236400
1971:0014,1971,Southern Europe,1,22,100,4120,0,4220,41600
1971:0030,1971,Western Asia,2,935,1200,60000,27465,88665,5000
1972:0067,1972,Central America,1,10000,20000,400000,300000,720000,845000
1972:0024,1972,South America,1,12,0,1500000,75000,1575000,20000
1972:0027,1972,Southern Asia,2,5157,1332,22126,0,23458,1000
1972:0084,1972,Southern Europe,1,1,0,450,0,450,0
1973:0014,1973,Central America,3,538,98,3563,84,3745,200
1973:0017,1973,South-Eastern Asia,1,14,64,0,0,64,450
1974:0025,1974,Eastern Asia,2,20030,73,0,0,73,0
1974:0050,1974,South America,1,78,2414,41260,0,43674,10000
1974:0063,1974,Southern Asia,1,4700,15000,30000,5200,50200,3255
1975:0017,1975,Eastern Asia,1,10000,0,0,0,0,0
1975:0043,1975,Melanesia,1,200,0,0,0,0,0
1975:0014,1975,Southern Asia,1,47,0,0,0,0,0
1975:0053,1975,Western Asia,1,2385,3372,50000,0,53372,17000
1976:0021,1976,Australia and New Zealand,1,0,0,0,0,0,0
1976:0026,1976,Caribbean,1,1,8,0,0,8,0
1976:0024,1976,Central America,1,23000,77000,3750000,1166000,4993000,1000000
1976:0050,1976,Eastern Asia,2,242000,164000,0,0,164000,5600000
1976:0020,1976,Northern Europe,1,1,6,0,0,6,0
1976:0039,1976,Russian Federation,1,0,0,0,0,0,85000
1976:0033,1976,South America,2,20,0,0,20000,20000,4000
1976:0043,1976,South-Eastern Asia,4,7126,11103,647000,0,658103,329000
1976:0028,1976,Southern Asia,2,66,0,90000,0,90000,0
1976:0037,1976,Southern Europe,2,934,1750,111472,137000,250222,3600000
1976:0029,1976,Western Asia,3,3846,15034,150000,51000,216034,25000
1977:0048,1977,Eastern Europe,2,1661,11465,200000,175000,386465,2000000
1977:0059,1977,Melanesia,1,34,1,1000,0,1001,0
1977:0078,1977,Polynesia,1,1,5,5000,500,5505,1200
1977:0137,1977,South America,1,70,100,0,40000,40100,80000
1977:0050,1977,South-Eastern Asia,3,188,130,63900,0,64030,1300
1977:0051,1977,Southern Asia,5,1114,1280,420126,0,421406,0
1977:0052,1977,Western Asia,1,30,0,0,0,0,0
1978:0135,1978,Central America,1,9,100,3750,0,3850,0
1978:0027,1978,Eastern Asia,2,53,619,2098,0,2717,865000
1978:0115,1978,Southern Asia,2,25045,52,40000,0,40052,50000
1978:0057,1978,Southern Europe,2,55,100,600900,0,601000,250000
1978:0263,1978,Western Asia,1,0,20,125,2500,2645,0
1978:0113,1978,Western Europe,1,0,35,0,200,235,150000
1979:0219,1979,Australia and New Zealand,1,0,0,0,0,0,7075
1979:0032,1979,Central America,2,5,75,9500,0,9575,30000
1979:0063,1979,Eastern Asia,4,68,2104,2000,0,4104,0
1979:0025,1979,South America,3,652,2642,10000,100,12742,28000
1979:0054,1979,South-Eastern Asia,6,638,895,67500,18000,86395,20150
1979:0018,1979,Southern Asia,4,565,278,20000,0,20278,0
1979:0039,1979,Southern Europe,4,161,530,300000,15000,315530,450000
1979:0259,1979,Western Europe,1,11,2,0,0,2,0
1980:0051,1980,Central America,3,69,360,6000,0,6360,0
1980:0092,1980,Eastern Asia,2,2,80,0,0,80,0
1980:0096,1980,Northern Africa,2,2635,8459,478948,443000,930407,5200000
1980:0124,1980,Northern America,1,0,2,0,0,2,0
1980:0319,1980,Russian Federation,1,87,0,0,0,0,5000
1980:0081,1980,South America,3,15,76,3150,0,3226,0
1980:0088,1980,South-Eastern Asia,2,0,0,20000,0,20000,0
1980:0071,1980,Southern Asia,6,163,5748,200000,35000,240748,245000
1980:0001,1980,Southern Europe,4,4759,8417,426300,0,434717,20000000
1981:0093,1981,Central America,1,3,28,0,0,28,0
1981:0026,1981,Eastern Asia,1,150,850,25000,0,25850,0
1981:0057,1981,South America,4,43,115,12156,0,12271,5000
1981:0025,1981,South-Eastern Asia,1,306,0,2682,0,2682,0
1981:0056,1981,Southern Asia,5,3668,6012,30225,0,36237,1005000
1981:0033,1981,Southern Europe,5,36,450,80750,0,81200,900000
1982:0081,1982,Central America,4,49,17,30500,2500,33017,5000
1982:0036,1982,Eastern Asia,2,10,105,1000,0,1105,0
1982:0307,1982,Eastern Europe,1,0,0,1050,0,1050,0
1982:0293,1982,South America,2,23,0,0,0,0,0
1982:0031,1982,South-Eastern Asia,3,13,417,21400,2000,23817,4950
1982:0154,1982,Southern Africa,1,17,0,0,0,0,0
1982:0127,1982,Southern Asia,1,500,3000,35000,0,38000,1000
1982:0035,1982,Southern Europe,3,1,5,6000,5000,11005,35000
1982:0131,1982,Western Asia,1,1507,1500,400000,0,401500,2000000
1983:0065,1983,Central America,2,12,60,5475,0,5535,1000
1983:0081,1983,Eastern Asia,3,137,2305,0,16500,18805,416000
1983:0162,1983,Melanesia,1,10,0,0,0,0,0
1983:0174,1983,Northern America,3,2,53,1500,0,1553,52250
1983:0066,1983,Russian Federation,1,0,0,0,14000,14000,0
1983:0059,1983,South America,3,264,1224,36500,0,37724,410900
1983:0067,1983,South-Eastern Asia,2,19,276,1725,0,2001,3227
1983:0058,1983,Southern Asia,4,69,1128,34445,6955,42528,11000
1983:0112,1983,Southern Europe,3,12,37,20480,1000,21517,0
1983:0161,1983,Western Africa,1,275,1436,20000,0,21436,0
1983:0136,1983,Western Asia,1,1346,1137,800000,33000,834137,25000
1983:0146,1983,Western Europe,1,2,30,1000,0,1030,50000
1984:0084,1984,Eastern Asia,2,20,9,0,0,9,43000
1984:0028,1984,Russian Federation,1,0,100,0,20000,20100,0
1984:0015,1984,South-Eastern Asia,2,2,197,1750,0,1947,1000
1984:0124,1984,Southern Asia,3,25,147,800,10000,10947,5000
1984:0038,1984,Southern Europe,3,4,285,5000,4300,9585,0
1984:0086,1984,Western Asia,2,6,73,750000,0,750073,0
1985:0109,1985,Central America,2,9500,30204,2001500,103500,2135204,4104000
1985:0055,1985,Eastern Asia,4,90,540,0,16000,16540,0
1985:0227,1985,Melanesia,2,0,0,0,0,0,1000
1985:0386,1985,Northern Africa,1,30,0,0,0,0,1000
1985:0326,1985,Polynesia,1,0,0,0,0,0,0
1985:0122,1985,Russian Federation,1,29,80,8000,0,8080,0
1985:0024,1985,South America,3,186,2821,1024792,500300,1527913,1500000
1985:0110,1985,South-Eastern Asia,2,12,32,150,0,182,0
1985:0027,1985,Southern Asia,2,6,118,19000,0,19118,2000
1985:0193,1985,Southern Europe,2,0,16,1686,0,1702,0
1985:0194,1985,Western Asia,2,0,14,665,65,744,0
1986:0123,1986,Central America,2,1100,20000,502500,250000,772500,1500000
1986:0133,1986,Eastern Asia,2,13,46,0,290,336,0
1986:0140,1986,Eastern Europe,1,3,60,0,3000,3060,0
1986:0076,1986,Melanesia,1,0,0,1000,0,1000,500
1986:0177,1986,Northern America,1,0,29,150,0,179,720
1986:0106,1986,Russian Federation,2,3,558,225000,4500,230058,730000
1986:0051,1986,South America,5,20,130,23150,8900,32180,28000
1986:0174,1986,Southern Asia,4,7,34,2650,0,2684,5000
1986:0113,1986,Southern Europe,1,20,300,45000,0,45300,745000
1986:0058,1986,Western Asia,2,15,103,20750,250,21103,0
1987:0068,1987,Australia and New Zealand,1,1,25,7000,0,7025,210000
1987:0254,1987,Central America,1,2,50,3000,0,3050,0
1987:0102,1987,Eastern Asia,4,2,137,209684,7000,216821,0
1987:0058,1987,Melanesia,1,1,0,4000,0,4000,2625
1987:0306,1987,Northern Africa,1,1,7,3145,0,3152,1000
1987:0179,1987,Northern America,2,8,94,2200,0,2294,217000
1987:0070,1987,South America,3,5007,118,0,155000,155118,1501000
1987:0086,1987,South-Eastern Asia,2,127,101,31000,1000,32101,5000
1987:0116,1987,Southern Africa,1,9,25,285,0,310,0
1987:0067,1987,Southern Asia,3,2,50,3925,0,3975,0
1988:0043,1988,Central America,2,5,0,500,1550,2050,0
1988:0369,1988,Eastern Africa,1,0,0,2000,0,2000,0
1988:0035,1988,Eastern Asia,2,939,3424,1050000,267000,1320424,269000
1988:0675,1988,Melanesia,1,1,0,0,500,500,0
1988:0042,1988,Northern Africa,1,0,57,0,200,257,0
1988:0528,1988,Russian Federation,1,25000,12000,1100000,530000,1642000,14000000
1988:0036,1988,Southern Africa,1,8,28,0,0,28,0
1988:0021,1988,Southern Asia,7,1096,4948,20316500,0,20321448,132500
1988:0467,1988,Southern Europe,2,0,25,690,0,715,0
1989:0142,1989,Australia and New Zealand,1,12,115,2000,0,2115,1000000
1989:0073,1989,Central America,1,3,350,0,0,350,0
1989:0167,1989,Eastern Africa,1,9,100,0,50000,50100,28000
1989:0081,1989,Eastern Asia,5,42,392,102800,142850,246042,218000
1989:0139,1989,Northern Africa,1,22,184,12000,0,12184,0
1989:0133,1989,Northern America,2,67,3757,300,15,4072,5600000
1989:0027,1989,Russian Federation,1,274,51,12000,0,12051,24800
1989:0067,1989,South America,1,0,0,0,2000,2000,0
1989:0045,1989,South-Eastern Asia,3,120,203,17190,5500,22893,0
1989:0071,1989,Southern Asia,3,101,117,1500,200,1817,0
1990:0170,1990,Central America,3,1,309,300,14000,14609,19500
1990:0033,1990,Eastern Africa,3,0,0,0,0,0,0
1990:0093,1990,Eastern Asia,2,127,2065,54574,7696,64335,58350
1990:0020,1990,Eastern Europe,2,10,700,0,0,700,0
1990:0186,1990,Melanesia,6,0,2,0,0,2,0
1990:0033,1990,Northern Africa,1,0,0,8000,0,8000,0
1990:0187,1990,Northern America,2,0,30,120,0,150,12700
1990:0193,1990,Northern Europe,1,0,0,0,0,0,0
1990:0020,1990,Russian Federation,4,5,8,0,24500,24508,0
1990:0029,1990,South America,2,204,810,76500,30000,107310,1000
1990:0009,1990,South-Eastern Asia,6,2423,3703,1637680,0,1641383,372600
1990:0704,1990,Southern Africa,1,10,6,0,0,6,0
1990:0034,1990,Southern Asia,5,40043,105386,521000,106310,732696,8233300
1990:0105,1990,Southern Europe,5,30,397,0,2500,2897,500000
1991:0114,1991,Central America,6,91,885,40770,12900,54555,100000
1991:0043,1991,Eastern Asia,2,1,545,282205,600,283350,0
1991:0399,1991,Eastern Europe,2,0,5,1845,4000,5850,0
1991:0192,1991,Northern America,1,2,100,0,0,100,33500
1991:0033,1991,Russian Federation,4,274,1500,95000,160000,256500,1700000
1991:0066,1991,South America,3,66,787,47070,295,48152,0
1991:0001,1991,South-Eastern Asia,3,28,191,16160,1000,17351,18000
1991:0033,1991,Southern Asia,5,1954,2008,236205,29465,267678,70000
1991:0122,1991,Western Asia,3,38,239,2190,41850,44279,0
1992:0067,1992,Caribbean,1,0,40,5829,0,5869,0
1992:0079,1992,Central America,1,179,489,5690,0,6179,25000
1992:0081,1992,Central Asia,3,67,100,154168,32538,186806,161000
1992:0252,1992,Eastern Asia,2,0,32,16000,0,16032,3150
1992:0064,1992,Middle Africa,1,9,61,0,250,311,0
1992:0012,1992,Northern Africa,2,552,9929,59950,25020,94899,1200000
1992:0120,1992,Northern America,3,1,394,0,0,394,275000
1992:0151,1992,South America,1,11,135,0,1500,1635,0
1992:0163,1992,South-Eastern Asia,2,2500,2104,0,97500,99604,100000
1992:0058,1992,Southern Asia,4,59,150,0,6000,6150,0
1992:0022,1992,Western Asia,2,654,3860,250000,95000,348860,750000
1992:0093,1992,Western Europe,3,1,45,1500,0,1545,150000
1993:0086,1993,Central America,2,3,40,200,0,240,0
1993:0044,1993,Eastern Asia,4,241,1025,122522,36980,160527,1358000
1993:0076,1993,Melanesia,1,53,200,10000,10000,20200,5000
1993:0049,1993,Micronesia,1,0,71,0,0,71,120000
1993:0056,1993,Northern Africa,1,3,15,0,0,15,0
1993:0480,1993,Northern America,1,2,0,3000,0,3000,7500
1993:0134,1993,Polynesia,1,5,20,0,0,20,0
1993:0144,1993,South America,2,8,85,3131,0,3216,0
1993:0035,1993,Southern Asia,5,9772,30132,4730,1000,35862,280000
1993:0136,1993,Southern Europe,2,1,21,2100,0,2121,0
1994:0642,1994,Australia and New Zealand,1,0,5,5000,20,5025,0
1994:0051,1994,Eastern Africa,1,7,0,50000,0,50000,70000
1994:0307,1994,Eastern Asia,5,8,2650,5780,0,8430,170400
1994:0342,1994,Eastern Europe,1,11,242,0,2100,2342,0
1994:0076,1994,Melanesia,1,0,0,0,0,0,0
1994:0196,1994,Northern Africa,1,171,289,12500,0,12789,0
1994:0002,1994,Northern America,2,60,7000,225,20000,27225,30002100
1994:0058,1994,South America,2,276,158,12461,24797,37416,2400
1994:0006,1994,South-Eastern Asia,7,535,2183,515249,14315,531747,176376
1994:0040,1994,Southern Asia,4,174,461,116510,0,116971,1400
1995:0203,1995,Central America,3,64,125,54735,12275,67135,21100
1995:0016,1995,Eastern Asia,5,5368,35024,1257355,276301,1568680,100116100
1995:0097,1995,Eastern Europe,1,1989,750,0,0,750,64100
1995:0293,1995,Northern Africa,1,10,69,0,0,69,0
1995:0015,1995,South America,6,61,417,16082,4425,20924,1660
1995:0055,1995,South-Eastern Asia,6,99,1932,54315,35685,91932,0
1995:0085,1995,Southern Europe,2,52,160,22500,6300,28960,872700
1995:0034,1995,Western Asia,2,96,245,121710,40150,162105,210140
1996:0021,1996,Eastern Asia,4,353,17490,3470000,1823870,5311360,530000
1996:0042,1996,South America,3,48,767,70355,36305,107427,7000
1996:0002,1996,South-Eastern Asia,2,175,423,20125,18090,38638,5400
1996:0020,1996,Southern Asia,1,0,0,2500,750,3250,0
1996:0179,1996,Southern Europe,2,0,0,1500,2000,3500,0
1996:0461,1996,Western Asia,1,0,6,17000,9000,26006,30000
1997:0045,1997,Caribbean,1,0,2,0,15,17,25000
1997:0071,1997,Central America,2,1,0,17000,0,17000,0
1997:0028,1997,Central Asia,1,0,0,1200,30,1230,2000
1997:0011,1997,Eastern Asia,4,32,224,585000,190000,775224,0
1997:0539,1997,Melanesia,1,100,0,0,0,0,0
1997:0147,1997,South America,2,88,781,40000,16500,57281,129000
1997:0240,1997,South-Eastern Asia,1,20,300,2805,0,3105,1100
1997:0534,1997,Southern Africa,1,15,46,0,0,46,0
1997:0017,1997,Southern Asia,8,2889,9000,277000,104000,390000,243010
1997:0228,1997,Southern Europe,1,14,100,0,38000,38100,4524900
1997:0368,1997,Western Asia,1,0,0,15000,0,15000,33333
1998:0586,1998,Central America,1,0,3,225,10,238,0
1998:0076,1998,Eastern Asia,7,55,13690,1073655,97600,1184945,378100
1998:0220,1998,Melanesia,1,2182,668,9199,0,9867,0
1998:0169,1998,South America,2,98,90,12350,7650,20090,0
1998:0403,1998,South-Eastern Asia,2,34,88,4110,2750,6948,200000
1998:0026,1998,Southern Asia,8,7046,2949,111105,45600,159654,20000
1998:0078,1998,Southern Europe,4,10,105,3000,1700,4805,72000
1998:0201,1998,Western Asia,4,148,2626,2200590,88100,2291316,550000
1998:0110,1998,Western Europe,1,0,0,0,0,0,0
1999:0208,1999,Central America,4,48,455,137705,35,138195,391600
1999:0321,1999,Eastern Asia,5,2265,8925,3015800,121000,3145725,14144800
1999:0047,1999,Eastern Europe,2,1,20,6000,5240,11260,900
1999:0524,1999,Melanesia,1,12,100,12000,2000,14100,0
1999:0561,1999,Northern Africa,1,22,175,0,15000,15175,60929
1999:0016,1999,South America,3,1187,8643,752000,453420,1214063,1857366
1999:0568,1999,South-Eastern Asia,2,11,260,14150,2700,17110,5694
1999:0054,1999,Southern Asia,6,197,1194,435055,155845,592094,2000
1999:0302,1999,Southern Europe,2,143,2020,113031,108,115159,4244004
1999:0196,1999,Western Asia,7,17983,49812,880750,663400,1593962,21005000
2000:0111,2000,Central America,2,7,43,1785,5650,7478,0
2000:0743,2000,Central Asia,2,11,0,6000,0,6000,0
2000:0653,2000,Eastern Africa,1,1,6,750,35,791,0
2000:0033,2000,Eastern Asia,7,10,2921,1821090,288271,2112282,616983
2000:0480,2000,Eastern Europe,1,0,8,0,19100,19108,920
2000:0749,2000,Melanesia,1,1,0,0,5000,5000,0
2000:0598,2000,Northern America,1,0,70,25000,104,25174,50000
2000:0076,2000,Northern Europe,2,0,1,129,69,199,12000
2000:0081,2000,South America,1,2,0,430,0,430,0
2000:0230,2000,South-Eastern Asia,5,149,3108,208500,58500,270108,73000
2000:0023,2000,Southern Asia,4,1,15,3500,500,4015,0
2000:0303,2000,Southern Europe,1,0,0,600,0,600,0
2000:0272,2000,Western Asia,3,34,680,26694,0,27374,10000
2001:0013,2001,Central America,3,1165,8124,1582578,0,1590702,1848550
2001:0005,2001,Eastern Africa,1,0,0,0,700,700,0
2001:0064,2001,Eastern Asia,6,10,1285,186100,327000,514385,591000
2001:0345,2001,Melanesia,1,0,1,0,200,201,0
2001:0099,2001,Northern America,1,1,400,0,0,400,2000000
2001:0294,2001,South America,3,151,2733,226500,124865,354098,300000
2001:0546,2001,South-Eastern Asia,2,0,12,12500,0,12512,0
2001:0033,2001,Southern Asia,5,20021,166932,5280192,1790250,7237374,2623500
2001:0749,2001,Southern Europe,1,0,0,300,0,300,0
2001:0358,2001,Western Asia,2,0,176,435,0,611,0
2002:0015,2002,Central Asia,2,3,50,1000,500,1550,0
2002:0042,2002,Eastern Africa,2,47,108,1535,2000,3643,0
2002:0172,2002,Eastern Asia,3,6,200,66130,48,66378,25000
2002:0002,2002,Melanesia,4,5,73,5400,1000,6473,0
2002:0545,2002,Northern Africa,1,0,0,250,0,250,0
2002:0368,2002,South America,1,0,27,500,200,727,0
2002:0129,2002,South-Eastern Asia,5,26,840,84456,0,85296,1714
2002:0107,2002,Southern Asia,11,1468,2902,386992,14200,404094,300000
2002:0234,2002,Southern Europe,5,33,159,150,9500,9809,1296000
2002:0065,2002,Western Asia,2,48,397,240000,31086,271483,445000
2003:0477,2003,Caribbean,1,3,15,2000,0,2015,0
2003:0039,2003,Central America,4,33,1223,178590,340,180153,116300
2003:0259,2003,Central Asia,1,3,626,36000,0,36626,0
2003:0105,2003,Eastern Asia,14,319,7439,2829616,331154,3168209,1707933
2003:0497,2003,Eastern Europe,1,3,5,0,1800,1805,10600
2003:0245,2003,Northern Africa,2,2275,10461,0,200000,210461,5000000
2003:0623,2003,Northern America,1,2,40,0,120,160,200000
2003:0069,2003,South-Eastern Asia,3,1,9,3100,140,3249,0
2003:0068,2003,Southern Asia,7,26800,22765,211050,66760,300575,521666
2003:0184,2003,Southern Europe,2,0,52,230,0,282,561352
2003:0050,2003,Western Asia,4,178,692,245240,45000,290932,135000
2004:0582,2004,Caribbean,2,1,13,200,40,253,0
2004:0599,2004,Central America,1,8,0,255,25,280,0
2004:0147,2004,Central Asia,1,0,0,180,0,180,0
2004:0659,2004,Eastern Africa,5,315,283,109560,190,110033,230000
2004:0126,2004,Eastern Asia,6,44,3914,368000,127199,499113,28124000
2004:0250,2004,Eastern Europe,1,0,0,138,0,138,0
2004:0011,2004,Northern Africa,3,628,1241,0,12539,13780,400000
2004:0426,2004,South America,2,1,22,8016,500,8538,0
2004:0001,2004,South-Eastern Asia,9,174312,10477,210630,540394,761501,6519600
2004:0054,2004,Southern Asia,7,51953,32684,1186714,496320,1715718,3309400
2004:0670,2004,Southern Europe,1,1,5,600,0,605,10000
2004:0127,2004,Western Asia,3,27,81,36835,0,36916,0
2004:0669,2004,Western Europe,1,0,0,150,0,150,12000
2005:0240,2005,Central America,1,1,1,750,0,751,0
2005:0671,2005,Eastern Africa,1,2,0,5000,0,5000,0
2005:0129,2005,Eastern Asia,4,17,8802,629637,0,638439,400000
2005:0328,2005,Melanesia,1,1,0,0,200,200,0
2005:0671,2005,Middle Africa,1,6,5,0,1500,1505,0
2005:0321,2005,South America,3,16,241,29909,0,30150,5050
2005:0031,2005,South-Eastern Asia,2,916,1150,104847,0,105997,0
2005:0132,2005,Southern Africa,1,2,58,0,0,58,20000
2005:0016,2005,Southern Asia,8,75278,136553,115767,5150000,5402320,6280050
2005:0070,2005,Western Asia,3,2,94,2950,0,3044,0
2006:0699,2006,Central America,1,0,0,16470,0,16470,0
2006:0405,2006,Central Asia,2,3,19,27408,50,27477,22000
2006:0100,2006,Eastern Africa,1,4,36,0,1440,1476,0
2006:0061,2006,Eastern Asia,7,25,185,267645,143760,411590,7191
2006:0148,2006,Eastern Europe,2,0,42,12525,0,12567,55000
2006:0149,2006,Northern Africa,1,4,9,160,150,319,0
2006:0704,2006,Northern America,1,0,10,3519,0,3529,150000
2006:0231,2006,South-Eastern Asia,5,6592,138642,2377945,699395,3215982,3155000
2006:0123,2006,Southern Asia,4,64,1494,167740,195,169429,42262
2007:0572,2007,Caribbean,3,1,101,0,0,101,0
2007:0461,2007,Central America,1,0,18,0,1865,1883,0
2007:0287,2007,Central Asia,1,11,3,7000,0,7003,0
2007:0101,2007,Eastern Asia,4,13,1700,13189,40668,55557,13092000
2007:0334,2007,Eastern Europe,1,2,12,0,7500,7512,420000
2007:0127,2007,Melanesia,1,52,9,2375,0,2384,0
2007:0692,2007,Northern Europe,1,0,1,4500,0,4501,60000
2007:0158,2007,South America,5,606,1532,682415,0,683947,700000
2007:0087,2007,South-Eastern Asia,4,95,2727,579969,36800,619496,700000
2008:0001,2008,Central Asia,2,74,142,3000,1055,4197,0
2008:0040,2008,Eastern Africa,1,36,643,0,0,643,0
2008:0192,2008,Eastern Asia,9,87588,369060,46655270,414235,47438565,85769000
2008:0476,2008,Eastern Europe,1,13,100,5135,0,5235,0
2008:0040,2008,Middle Africa,1,11,0,17355,0,17355,7000
2008:0099,2008,Northern America,1,0,3,2100,0,2103,0
2008:0649,2008,South America,1,11,54,0,1700,1754,10000
2008:0071,2008,South-Eastern Asia,3,11,162,10565,0,10727,0
2008:0178,2008,Southern Asia,3,172,535,95500,0,96035,10000
2008:0226,2008,Southern Europe,1,2,240,3468,0,3708,0
2009:0002,2009,Central America,2,38,227,178527,0,178754,300000
2009:0547,2009,Eastern Africa,2,4,186,0,20550,20736,0
2009:0059,2009,Eastern Asia,3,2,655,44549,50000,95204,718100
2009:0420,2009,Polynesia,3,186,317,8275,0,8592,159500
2009:0001,2009,South-Eastern Asia,6,1330,3621,2847125,10,2850756,2381090
2009:0156,2009,Southern Asia,3,33,340,0,3250,3590,0
2009:0136,2009,Southern Europe,2,295,1000,0,55150,56150,2500000
2009:0388,2009,Western Asia,1,0,6,7300,0,7306,0
2010:0463,2010,Australia and New Zealand,1,0,2,300000,0,300002,6500000
2010:0017,2010,Caribbean,1,222570,300000,3400000,0,3700000,8000000
2010:0158,2010,Central America,1,2,232,25000,0,25232,1150000
2010:0002,2010,Central Asia,1,0,0,6706,1134,7840,1500
2010:0064,2010,Eastern Asia,6,2977,12145,65000,100500,177645,1504400
2010:0003,2010,Melanesia,1,0,1,1125,0,1126,0
2010:0671,2010,Northern Africa,1,2,43,0,0,43,0
2010:0027,2010,Northern America,1,0,30,600,0,630,12500
2010:0091,2010,South America,1,562,10334,1861222,800000,2671556,30000000
2010:0238,2010,South-Eastern Asia,2,547,412,11452,4600,16464,0
2010:0018,2010,Southern Asia,7,22,605,750,4500,5855,0
2010:0574,2010,Southern Europe,1,2,120,25440,1470,27030,132260
2010:0093,2010,Western Asia,1,51,100,3500,0,3600,0
2011:0068,2011,Australia and New Zealand,2,182,1545,300000,300,301845,18000000
2011:0373,2011,Central America,2,5,2,550,0,552,0
2011:0243,2011,Central Asia,3,13,0,86,0,86,0
2011:0030,2011,Eastern Asia,9,19880,6498,516488,75425,598411,210346400
2011:0443,2011,South America,1,1,106,870,1705,2681,0
2011:0082,2011,South-Eastern Asia,5,86,144,18025,3247,21416,9450
2011:0104,2011,Southern Asia,4,122,305,688860,75000,764165,0
2011:0159,2011,Southern Europe,1,10,300,0,15000,15300,200000
2011:0170,2011,Western Asia,3,647,4303,6786,32075,43164,1744000
2012:0124,2012,Central America,3,48,414,1367101,4000,1371515,575000
2012:0151,2012,Central Asia,1,2,0,2531,0,2531,0
2012:0190,2012,Eastern Asia,7,86,37910,983870,78,1021858,1628000
2012:0152,2012,Eastern Europe,1,0,70,140,0,210,0
2012:0020,2012,South America,2,1,159,27188,1385,28732,100000
2012:0031,2012,South-Eastern Asia,8,165,505,360109,2355,362969,13314
2012:0164,2012,Southern Asia,4,385,2269,65040,235,67544,500000
2012:0142,2012,Southern Europe,2,24,400,11000,14000,25400,15800000
2012:0191,2012,Western Asia,2,0,50,15500,6949,22499,0
2013:0268,2013,Australia and New Zealand,1,0,4,9384,0,9388,40000
2013:0081,2013,Eastern Asia,6,294,15520,3176376,10540,3202436,10262100
2013:0121,2013,Eastern Europe,1,0,0,1800,0,1800,0
2013:0029,2013,Melanesia,1,10,0,3329,0,3329,0
2013:0058,2013,South America,1,0,15,12000,0,12015,4000
2013:0235,2013,South-Eastern Asia,1,48,2532,53403,0,55935,0
2013:0098,2013,Southern Asia,5,93,1288,62670,20785,84743,4600
